"fecha"	"cnt"
"2010-01-01"	"93"
"2010-01-02"	"28"
"2010-01-03"	"23"
"2010-01-04"	"25"
"2010-01-05"	"22"
"2010-01-06"	"21"
"2010-01-07"	"18"
"2010-01-08"	"19"
"2010-01-09"	"24"
"2010-01-10"	"30"
"2010-01-11"	"17"
"2010-01-12"	"14"
"2010-01-13"	"15"
"2010-01-14"	"18"
"2010-01-15"	"36"
"2010-01-16"	"18"
"2010-01-17"	"21"
"2010-01-18"	"26"
"2010-01-19"	"12"
"2010-01-20"	"30"
"2010-01-21"	"14"
"2010-01-22"	"13"
"2010-01-23"	"15"
"2010-01-24"	"22"
"2010-01-25"	"15"
"2010-01-26"	"21"
"2010-01-27"	"16"
"2010-01-28"	"27"
"2010-01-29"	"16"
"2010-01-30"	"27"
"2010-01-31"	"21"
"2010-02-01"	"36"
"2010-02-02"	"22"
"2010-02-03"	"26"
"2010-02-04"	"26"
"2010-02-05"	"22"
"2010-02-06"	"27"
"2010-02-07"	"20"
"2010-02-08"	"20"
"2010-02-09"	"24"
"2010-02-10"	"23"
"2010-02-11"	"25"
"2010-02-12"	"24"
"2010-02-13"	"24"
"2010-02-14"	"23"
"2010-02-15"	"29"
"2010-02-16"	"19"
"2010-02-17"	"23"
"2010-02-18"	"16"
"2010-02-19"	"19"
"2010-02-20"	"24"
"2010-02-21"	"17"
"2010-02-22"	"20"
"2010-02-23"	"18"
"2010-02-24"	"18"
"2010-02-25"	"20"
"2010-02-26"	"23"
"2010-02-27"	"19"
"2010-02-28"	"27"
"2010-03-01"	"35"
"2010-03-02"	"16"
"2010-03-03"	"26"
"2010-03-04"	"17"
"2010-03-05"	"14"
"2010-03-06"	"27"
"2010-03-07"	"22"
"2010-03-08"	"28"
"2010-03-09"	"16"
"2010-03-10"	"29"
"2010-03-11"	"17"
"2010-03-12"	"17"
"2010-03-13"	"21"
"2010-03-14"	"20"
"2010-03-15"	"24"
"2010-03-16"	"18"
"2010-03-17"	"9"
"2010-03-18"	"15"
"2010-03-19"	"29"
"2010-03-20"	"23"
"2010-03-21"	"30"
"2010-03-22"	"15"
"2010-03-23"	"16"
"2010-03-24"	"17"
"2010-03-25"	"22"
"2010-03-26"	"18"
"2010-03-27"	"20"
"2010-03-28"	"20"
"2010-03-29"	"15"
"2010-03-30"	"17"
"2010-03-31"	"13"
"2010-04-01"	"28"
"2010-04-02"	"20"
"2010-04-03"	"18"
"2010-04-04"	"20"
"2010-04-05"	"10"
"2010-04-06"	"19"
"2010-04-07"	"25"
"2010-04-08"	"21"
"2010-04-09"	"22"
"2010-04-10"	"22"
"2010-04-11"	"22"
"2010-04-12"	"19"
"2010-04-13"	"12"
"2010-04-14"	"17"
"2010-04-15"	"20"
"2010-04-16"	"18"
"2010-04-17"	"12"
"2010-04-18"	"18"
"2010-04-19"	"18"
"2010-04-20"	"27"
"2010-04-21"	"23"
"2010-04-22"	"15"
"2010-04-23"	"9"
"2010-04-24"	"11"
"2010-04-25"	"12"
"2010-04-26"	"14"
"2010-04-27"	"19"
"2010-04-28"	"17"
"2010-04-29"	"11"
"2010-04-30"	"22"
"2010-05-01"	"26"
"2010-05-02"	"15"
"2010-05-03"	"30"
"2010-05-04"	"18"
"2010-05-05"	"35"
"2010-05-06"	"21"
"2010-05-07"	"24"
"2010-05-08"	"21"
"2010-05-09"	"23"
"2010-05-10"	"26"
"2010-05-11"	"24"
"2010-05-12"	"22"
"2010-05-13"	"20"
"2010-05-14"	"15"
"2010-05-15"	"31"
"2010-05-16"	"36"
"2010-05-17"	"20"
"2010-05-18"	"26"
"2010-05-19"	"27"
"2010-05-20"	"18"
"2010-05-21"	"14"
"2010-05-22"	"9"
"2010-05-23"	"19"
"2010-05-24"	"25"
"2010-05-25"	"17"
"2010-05-26"	"13"
"2010-05-27"	"18"
"2010-05-28"	"14"
"2010-05-29"	"18"
"2010-05-30"	"24"
"2010-05-31"	"15"
"2010-06-01"	"33"
"2010-06-02"	"22"
"2010-06-03"	"18"
"2010-06-04"	"23"
"2010-06-05"	"27"
"2010-06-06"	"24"
"2010-06-07"	"22"
"2010-06-08"	"20"
"2010-06-09"	"26"
"2010-06-10"	"28"
"2010-06-11"	"20"
"2010-06-12"	"16"
"2010-06-13"	"14"
"2010-06-14"	"15"
"2010-06-15"	"21"
"2010-06-16"	"16"
"2010-06-17"	"20"
"2010-06-18"	"16"
"2010-06-19"	"12"
"2010-06-20"	"12"
"2010-06-21"	"22"
"2010-06-22"	"12"
"2010-06-23"	"17"
"2010-06-24"	"17"
"2010-06-25"	"14"
"2010-06-26"	"14"
"2010-06-27"	"16"
"2010-06-28"	"13"
"2010-06-29"	"10"
"2010-06-30"	"19"
"2010-07-01"	"27"
"2010-07-02"	"9"
"2010-07-03"	"23"
"2010-07-04"	"25"
"2010-07-05"	"17"
"2010-07-06"	"13"
"2010-07-07"	"13"
"2010-07-08"	"13"
"2010-07-09"	"17"
"2010-07-10"	"14"
"2010-07-11"	"20"
"2010-07-12"	"14"
"2010-07-13"	"22"
"2010-07-14"	"14"
"2010-07-15"	"23"
"2010-07-16"	"14"
"2010-07-17"	"22"
"2010-07-18"	"22"
"2010-07-19"	"18"
"2010-07-20"	"13"
"2010-07-21"	"17"
"2010-07-22"	"19"
"2010-07-23"	"13"
"2010-07-24"	"18"
"2010-07-25"	"16"
"2010-07-26"	"22"
"2010-07-27"	"20"
"2010-07-28"	"20"
"2010-07-29"	"11"
"2010-07-30"	"21"
"2010-07-31"	"22"
"2010-08-01"	"32"
"2010-08-02"	"24"
"2010-08-03"	"8"
"2010-08-04"	"13"
"2010-08-05"	"20"
"2010-08-06"	"17"
"2010-08-07"	"20"
"2010-08-08"	"21"
"2010-08-09"	"20"
"2010-08-10"	"17"
"2010-08-11"	"22"
"2010-08-12"	"16"
"2010-08-13"	"12"
"2010-08-14"	"16"
"2010-08-15"	"21"
"2010-08-16"	"18"
"2010-08-17"	"17"
"2010-08-18"	"22"
"2010-08-19"	"11"
"2010-08-20"	"26"
"2010-08-21"	"19"
"2010-08-22"	"22"
"2010-08-23"	"16"
"2010-08-24"	"28"
"2010-08-25"	"17"
"2010-08-26"	"22"
"2010-08-27"	"17"
"2010-08-28"	"15"
"2010-08-29"	"17"
"2010-08-30"	"17"
"2010-08-31"	"23"
"2010-09-01"	"32"
"2010-09-02"	"15"
"2010-09-03"	"13"
"2010-09-04"	"26"
"2010-09-05"	"24"
"2010-09-06"	"21"
"2010-09-07"	"11"
"2010-09-08"	"16"
"2010-09-09"	"17"
"2010-09-10"	"23"
"2010-09-11"	"20"
"2010-09-12"	"25"
"2010-09-13"	"17"
"2010-09-14"	"15"
"2010-09-15"	"18"
"2010-09-16"	"19"
"2010-09-17"	"13"
"2010-09-18"	"23"
"2010-09-19"	"21"
"2010-09-20"	"28"
"2010-09-21"	"14"
"2010-09-22"	"14"
"2010-09-23"	"10"
"2010-09-24"	"10"
"2010-09-25"	"26"
"2010-09-26"	"18"
"2010-09-27"	"20"
"2010-09-28"	"13"
"2010-09-29"	"8"
"2010-09-30"	"15"
"2010-10-01"	"37"
"2010-10-02"	"17"
"2010-10-03"	"19"
"2010-10-04"	"26"
"2010-10-05"	"17"
"2010-10-06"	"14"
"2010-10-07"	"25"
"2010-10-08"	"14"
"2010-10-09"	"14"
"2010-10-10"	"16"
"2010-10-11"	"19"
"2010-10-12"	"22"
"2010-10-13"	"13"
"2010-10-14"	"8"
"2010-10-15"	"20"
"2010-10-16"	"15"
"2010-10-17"	"19"
"2010-10-18"	"15"
"2010-10-19"	"20"
"2010-10-20"	"22"
"2010-10-21"	"15"
"2010-10-22"	"15"
"2010-10-23"	"20"
"2010-10-24"	"16"
"2010-10-25"	"15"
"2010-10-26"	"9"
"2010-10-27"	"13"
"2010-10-28"	"9"
"2010-10-29"	"13"
"2010-10-30"	"18"
"2010-10-31"	"16"
"2010-11-01"	"28"
"2010-11-02"	"23"
"2010-11-03"	"13"
"2010-11-04"	"13"
"2010-11-05"	"20"
"2010-11-06"	"11"
"2010-11-07"	"21"
"2010-11-08"	"20"
"2010-11-09"	"14"
"2010-11-10"	"9"
"2010-11-11"	"11"
"2010-11-12"	"18"
"2010-11-13"	"20"
"2010-11-14"	"16"
"2010-11-15"	"19"
"2010-11-16"	"14"
"2010-11-17"	"18"
"2010-11-18"	"13"
"2010-11-19"	"10"
"2010-11-20"	"22"
"2010-11-21"	"6"
"2010-11-22"	"15"
"2010-11-23"	"14"
"2010-11-24"	"16"
"2010-11-25"	"14"
"2010-11-26"	"14"
"2010-11-27"	"11"
"2010-11-28"	"14"
"2010-11-29"	"13"
"2010-11-30"	"13"
"2010-12-01"	"15"
"2010-12-02"	"14"
"2010-12-03"	"4"
"2010-12-04"	"13"
"2010-12-05"	"22"
"2010-12-06"	"15"
"2010-12-07"	"13"
"2010-12-08"	"20"
"2010-12-09"	"10"
"2010-12-10"	"12"
"2010-12-11"	"15"
"2010-12-12"	"19"
"2010-12-13"	"10"
"2010-12-14"	"12"
"2010-12-15"	"12"
"2010-12-16"	"7"
"2010-12-17"	"10"
"2010-12-18"	"9"
"2010-12-19"	"13"
"2010-12-20"	"16"
"2010-12-21"	"4"
"2010-12-22"	"12"
"2010-12-23"	"7"
"2010-12-24"	"8"
"2010-12-25"	"28"
"2010-12-26"	"10"
"2010-12-27"	"10"
"2010-12-28"	"6"
"2010-12-29"	"4"
"2010-12-30"	"3"
"2010-12-31"	"4"
"2011-01-01"	"106"
"2011-01-02"	"26"
"2011-01-03"	"25"
"2011-01-04"	"22"
"2011-01-05"	"21"
"2011-01-06"	"16"
"2011-01-07"	"23"
"2011-01-08"	"25"
"2011-01-09"	"20"
"2011-01-10"	"27"
"2011-01-11"	"15"
"2011-01-12"	"33"
"2011-01-13"	"24"
"2011-01-14"	"28"
"2011-01-15"	"28"
"2011-01-16"	"24"
"2011-01-17"	"22"
"2011-01-18"	"22"
"2011-01-19"	"22"
"2011-01-20"	"27"
"2011-01-21"	"21"
"2011-01-22"	"22"
"2011-01-23"	"30"
"2011-01-24"	"25"
"2011-01-25"	"21"
"2011-01-26"	"18"
"2011-01-27"	"21"
"2011-01-28"	"28"
"2011-01-29"	"22"
"2011-01-30"	"19"
"2011-01-31"	"21"
"2011-02-01"	"53"
"2011-02-02"	"23"
"2011-02-03"	"23"
"2011-02-04"	"24"
"2011-02-05"	"30"
"2011-02-06"	"26"
"2011-02-07"	"28"
"2011-02-08"	"27"
"2011-02-09"	"23"
"2011-02-10"	"23"
"2011-02-11"	"23"
"2011-02-12"	"30"
"2011-02-13"	"29"
"2011-02-14"	"29"
"2011-02-15"	"17"
"2011-02-16"	"20"
"2011-02-17"	"23"
"2011-02-18"	"24"
"2011-02-19"	"26"
"2011-02-20"	"22"
"2011-02-21"	"26"
"2011-02-22"	"30"
"2011-02-23"	"21"
"2011-02-24"	"15"
"2011-02-25"	"23"
"2011-02-26"	"23"
"2011-02-27"	"22"
"2011-02-28"	"26"
"2011-03-01"	"49"
"2011-03-02"	"28"
"2011-03-03"	"18"
"2011-03-04"	"23"
"2011-03-05"	"21"
"2011-03-06"	"35"
"2011-03-07"	"21"
"2011-03-08"	"28"
"2011-03-09"	"28"
"2011-03-10"	"24"
"2011-03-11"	"33"
"2011-03-12"	"28"
"2011-03-13"	"26"
"2011-03-14"	"27"
"2011-03-15"	"31"
"2011-03-16"	"25"
"2011-03-17"	"23"
"2011-03-18"	"22"
"2011-03-19"	"25"
"2011-03-20"	"31"
"2011-03-21"	"18"
"2011-03-22"	"24"
"2011-03-23"	"24"
"2011-03-24"	"27"
"2011-03-25"	"25"
"2011-03-26"	"25"
"2011-03-27"	"21"
"2011-03-28"	"22"
"2011-03-29"	"35"
"2011-03-30"	"14"
"2011-03-31"	"18"
"2011-04-01"	"37"
"2011-04-02"	"20"
"2011-04-03"	"24"
"2011-04-04"	"31"
"2011-04-05"	"21"
"2011-04-06"	"28"
"2011-04-07"	"20"
"2011-04-08"	"30"
"2011-04-09"	"25"
"2011-04-10"	"27"
"2011-04-11"	"32"
"2011-04-12"	"26"
"2011-04-13"	"24"
"2011-04-14"	"20"
"2011-04-15"	"30"
"2011-04-16"	"26"
"2011-04-17"	"40"
"2011-04-18"	"16"
"2011-04-19"	"18"
"2011-04-20"	"19"
"2011-04-21"	"15"
"2011-04-22"	"14"
"2011-04-23"	"22"
"2011-04-24"	"16"
"2011-04-25"	"22"
"2011-04-26"	"23"
"2011-04-27"	"14"
"2011-04-28"	"18"
"2011-04-29"	"23"
"2011-04-30"	"19"
"2011-05-01"	"39"
"2011-05-02"	"24"
"2011-05-03"	"26"
"2011-05-04"	"21"
"2011-05-05"	"33"
"2011-05-06"	"30"
"2011-05-07"	"46"
"2011-05-08"	"34"
"2011-05-09"	"24"
"2011-05-10"	"25"
"2011-05-11"	"24"
"2011-05-12"	"19"
"2011-05-13"	"21"
"2011-05-14"	"24"
"2011-05-15"	"34"
"2011-05-16"	"29"
"2011-05-17"	"40"
"2011-05-18"	"26"
"2011-05-19"	"19"
"2011-05-20"	"21"
"2011-05-21"	"25"
"2011-05-22"	"24"
"2011-05-23"	"23"
"2011-05-24"	"19"
"2011-05-25"	"28"
"2011-05-26"	"19"
"2011-05-27"	"17"
"2011-05-28"	"19"
"2011-05-29"	"23"
"2011-05-30"	"30"
"2011-05-31"	"27"
"2011-06-01"	"56"
"2011-06-02"	"25"
"2011-06-03"	"23"
"2011-06-04"	"15"
"2011-06-05"	"26"
"2011-06-06"	"21"
"2011-06-07"	"16"
"2011-06-08"	"27"
"2011-06-09"	"20"
"2011-06-10"	"21"
"2011-06-11"	"22"
"2011-06-12"	"26"
"2011-06-13"	"25"
"2011-06-14"	"19"
"2011-06-15"	"32"
"2011-06-16"	"17"
"2011-06-17"	"26"
"2011-06-18"	"20"
"2011-06-19"	"25"
"2011-06-20"	"26"
"2011-06-21"	"23"
"2011-06-22"	"17"
"2011-06-23"	"23"
"2011-06-24"	"33"
"2011-06-25"	"12"
"2011-06-26"	"16"
"2011-06-27"	"19"
"2011-06-28"	"17"
"2011-06-29"	"11"
"2011-06-30"	"8"
"2011-07-01"	"42"
"2011-07-02"	"19"
"2011-07-03"	"23"
"2011-07-04"	"12"
"2011-07-05"	"27"
"2011-07-06"	"24"
"2011-07-07"	"16"
"2011-07-08"	"21"
"2011-07-09"	"19"
"2011-07-10"	"18"
"2011-07-11"	"29"
"2011-07-12"	"13"
"2011-07-13"	"19"
"2011-07-14"	"10"
"2011-07-15"	"28"
"2011-07-16"	"23"
"2011-07-17"	"27"
"2011-07-18"	"31"
"2011-07-19"	"24"
"2011-07-20"	"13"
"2011-07-21"	"31"
"2011-07-22"	"25"
"2011-07-23"	"24"
"2011-07-24"	"24"
"2011-07-25"	"28"
"2011-07-26"	"13"
"2011-07-27"	"20"
"2011-07-28"	"13"
"2011-07-29"	"23"
"2011-07-30"	"18"
"2011-07-31"	"13"
"2011-08-01"	"35"
"2011-08-02"	"19"
"2011-08-03"	"23"
"2011-08-04"	"13"
"2011-08-05"	"22"
"2011-08-06"	"29"
"2011-08-07"	"19"
"2011-08-08"	"19"
"2011-08-09"	"23"
"2011-08-10"	"15"
"2011-08-11"	"20"
"2011-08-12"	"24"
"2011-08-13"	"21"
"2011-08-14"	"22"
"2011-08-15"	"26"
"2011-08-16"	"25"
"2011-08-17"	"20"
"2011-08-18"	"30"
"2011-08-19"	"24"
"2011-08-20"	"31"
"2011-08-21"	"20"
"2011-08-22"	"26"
"2011-08-23"	"22"
"2011-08-24"	"22"
"2011-08-25"	"25"
"2011-08-26"	"17"
"2011-08-27"	"27"
"2011-08-28"	"27"
"2011-08-29"	"31"
"2011-08-30"	"27"
"2011-08-31"	"32"
"2011-09-01"	"32"
"2011-09-02"	"21"
"2011-09-03"	"21"
"2011-09-04"	"19"
"2011-09-05"	"34"
"2011-09-06"	"22"
"2011-09-07"	"16"
"2011-09-08"	"29"
"2011-09-09"	"20"
"2011-09-10"	"29"
"2011-09-11"	"27"
"2011-09-12"	"33"
"2011-09-13"	"33"
"2011-09-14"	"27"
"2011-09-15"	"23"
"2011-09-16"	"25"
"2011-09-17"	"23"
"2011-09-18"	"29"
"2011-09-19"	"24"
"2011-09-20"	"33"
"2011-09-21"	"20"
"2011-09-22"	"24"
"2011-09-23"	"20"
"2011-09-24"	"22"
"2011-09-25"	"26"
"2011-09-26"	"25"
"2011-09-27"	"17"
"2011-09-28"	"24"
"2011-09-29"	"19"
"2011-09-30"	"14"
"2011-10-01"	"34"
"2011-10-02"	"18"
"2011-10-03"	"21"
"2011-10-04"	"15"
"2011-10-05"	"25"
"2011-10-06"	"15"
"2011-10-07"	"25"
"2011-10-08"	"15"
"2011-10-09"	"19"
"2011-10-10"	"30"
"2011-10-11"	"18"
"2011-10-12"	"23"
"2011-10-13"	"7"
"2011-10-14"	"23"
"2011-10-15"	"27"
"2011-10-16"	"26"
"2011-10-17"	"10"
"2011-10-18"	"17"
"2011-10-19"	"11"
"2011-10-20"	"26"
"2011-10-21"	"24"
"2011-10-22"	"18"
"2011-10-23"	"36"
"2011-10-24"	"23"
"2011-10-25"	"16"
"2011-10-26"	"25"
"2011-10-27"	"26"
"2011-10-28"	"28"
"2011-10-29"	"18"
"2011-10-30"	"15"
"2011-10-31"	"16"
"2011-11-01"	"26"
"2011-11-02"	"11"
"2011-11-03"	"11"
"2011-11-04"	"22"
"2011-11-05"	"23"
"2011-11-06"	"23"
"2011-11-07"	"15"
"2011-11-08"	"21"
"2011-11-09"	"20"
"2011-11-10"	"9"
"2011-11-11"	"25"
"2011-11-12"	"11"
"2011-11-13"	"22"
"2011-11-14"	"13"
"2011-11-15"	"27"
"2011-11-16"	"21"
"2011-11-17"	"10"
"2011-11-18"	"9"
"2011-11-19"	"14"
"2011-11-20"	"23"
"2011-11-21"	"15"
"2011-11-22"	"20"
"2011-11-23"	"9"
"2011-11-24"	"17"
"2011-11-25"	"19"
"2011-11-26"	"16"
"2011-11-27"	"9"
"2011-11-28"	"8"
"2011-11-29"	"13"
"2011-11-30"	"10"
"2011-12-01"	"13"
"2011-12-02"	"8"
"2011-12-03"	"7"
"2011-12-04"	"26"
"2011-12-05"	"16"
"2011-12-06"	"11"
"2011-12-07"	"13"
"2011-12-08"	"9"
"2011-12-09"	"9"
"2011-12-10"	"8"
"2011-12-11"	"14"
"2011-12-12"	"19"
"2011-12-13"	"12"
"2011-12-14"	"11"
"2011-12-15"	"20"
"2011-12-16"	"8"
"2011-12-17"	"10"
"2011-12-18"	"17"
"2011-12-19"	"18"
"2011-12-20"	"10"
"2011-12-21"	"8"
"2011-12-22"	"8"
"2011-12-23"	"10"
"2011-12-24"	"9"
"2011-12-25"	"27"
"2011-12-26"	"10"
"2011-12-27"	"11"
"2011-12-28"	"11"
"2011-12-29"	"2"
"2011-12-30"	"3"
"2011-12-31"	"8"
"2012-01-01"	"188"
"2012-01-02"	"45"
"2012-01-03"	"27"
"2012-01-04"	"29"
"2012-01-05"	"32"
"2012-01-06"	"36"
"2012-01-07"	"27"
"2012-01-08"	"32"
"2012-01-09"	"20"
"2012-01-10"	"38"
"2012-01-11"	"30"
"2012-01-12"	"25"
"2012-01-13"	"35"
"2012-01-14"	"31"
"2012-01-15"	"55"
"2012-01-16"	"37"
"2012-01-17"	"33"
"2012-01-18"	"28"
"2012-01-19"	"37"
"2012-01-20"	"56"
"2012-01-21"	"29"
"2012-01-22"	"33"
"2012-01-23"	"24"
"2012-01-24"	"20"
"2012-01-25"	"35"
"2012-01-26"	"31"
"2012-01-27"	"38"
"2012-01-28"	"32"
"2012-01-29"	"38"
"2012-01-30"	"29"
"2012-01-31"	"25"
"2012-02-01"	"73"
"2012-02-02"	"44"
"2012-02-03"	"29"
"2012-02-04"	"26"
"2012-02-05"	"44"
"2012-02-06"	"32"
"2012-02-07"	"25"
"2012-02-08"	"27"
"2012-02-09"	"28"
"2012-02-10"	"47"
"2012-02-11"	"30"
"2012-02-12"	"36"
"2012-02-13"	"41"
"2012-02-14"	"30"
"2012-02-15"	"62"
"2012-02-16"	"36"
"2012-02-17"	"31"
"2012-02-18"	"31"
"2012-02-19"	"32"
"2012-02-20"	"31"
"2012-02-21"	"29"
"2012-02-22"	"35"
"2012-02-23"	"26"
"2012-02-24"	"33"
"2012-02-25"	"33"
"2012-02-26"	"33"
"2012-02-27"	"32"
"2012-02-28"	"27"
"2012-02-29"	"38"
"2012-03-01"	"85"
"2012-03-02"	"38"
"2012-03-03"	"34"
"2012-03-04"	"36"
"2012-03-05"	"31"
"2012-03-06"	"27"
"2012-03-07"	"35"
"2012-03-08"	"40"
"2012-03-09"	"31"
"2012-03-10"	"33"
"2012-03-11"	"39"
"2012-03-12"	"30"
"2012-03-13"	"35"
"2012-03-14"	"29"
"2012-03-15"	"41"
"2012-03-16"	"31"
"2012-03-17"	"27"
"2012-03-18"	"29"
"2012-03-19"	"25"
"2012-03-20"	"34"
"2012-03-21"	"27"
"2012-03-22"	"27"
"2012-03-23"	"38"
"2012-03-24"	"26"
"2012-03-25"	"28"
"2012-03-26"	"42"
"2012-03-27"	"22"
"2012-03-28"	"38"
"2012-03-29"	"22"
"2012-03-30"	"36"
"2012-03-31"	"27"
"2012-04-01"	"71"
"2012-04-02"	"41"
"2012-04-03"	"30"
"2012-04-04"	"30"
"2012-04-05"	"27"
"2012-04-06"	"22"
"2012-04-07"	"20"
"2012-04-08"	"16"
"2012-04-09"	"35"
"2012-04-10"	"39"
"2012-04-11"	"26"
"2012-04-12"	"27"
"2012-04-13"	"26"
"2012-04-14"	"36"
"2012-04-15"	"34"
"2012-04-16"	"28"
"2012-04-17"	"28"
"2012-04-18"	"32"
"2012-04-19"	"26"
"2012-04-20"	"33"
"2012-04-21"	"23"
"2012-04-22"	"43"
"2012-04-23"	"35"
"2012-04-24"	"30"
"2012-04-25"	"35"
"2012-04-26"	"29"
"2012-04-27"	"33"
"2012-04-28"	"29"
"2012-04-29"	"30"
"2012-04-30"	"39"
"2012-05-01"	"66"
"2012-05-02"	"36"
"2012-05-03"	"34"
"2012-05-04"	"33"
"2012-05-05"	"41"
"2012-05-06"	"35"
"2012-05-07"	"46"
"2012-05-08"	"32"
"2012-05-09"	"39"
"2012-05-10"	"40"
"2012-05-11"	"21"
"2012-05-12"	"38"
"2012-05-13"	"37"
"2012-05-14"	"37"
"2012-05-15"	"43"
"2012-05-16"	"31"
"2012-05-17"	"26"
"2012-05-18"	"39"
"2012-05-19"	"20"
"2012-05-20"	"32"
"2012-05-21"	"27"
"2012-05-22"	"32"
"2012-05-23"	"30"
"2012-05-24"	"33"
"2012-05-25"	"28"
"2012-05-26"	"41"
"2012-05-27"	"34"
"2012-05-28"	"30"
"2012-05-29"	"26"
"2012-05-30"	"25"
"2012-05-31"	"30"
"2012-06-01"	"74"
"2012-06-02"	"34"
"2012-06-03"	"37"
"2012-06-04"	"34"
"2012-06-05"	"32"
"2012-06-06"	"37"
"2012-06-07"	"31"
"2012-06-08"	"38"
"2012-06-09"	"38"
"2012-06-10"	"31"
"2012-06-11"	"30"
"2012-06-12"	"46"
"2012-06-13"	"39"
"2012-06-14"	"46"
"2012-06-15"	"48"
"2012-06-16"	"37"
"2012-06-17"	"41"
"2012-06-18"	"28"
"2012-06-19"	"24"
"2012-06-20"	"39"
"2012-06-21"	"35"
"2012-06-22"	"21"
"2012-06-23"	"31"
"2012-06-24"	"35"
"2012-06-25"	"23"
"2012-06-26"	"21"
"2012-06-27"	"25"
"2012-06-28"	"27"
"2012-06-29"	"25"
"2012-06-30"	"18"
"2012-07-01"	"53"
"2012-07-02"	"26"
"2012-07-03"	"27"
"2012-07-04"	"23"
"2012-07-05"	"26"
"2012-07-06"	"30"
"2012-07-07"	"33"
"2012-07-08"	"24"
"2012-07-09"	"36"
"2012-07-10"	"27"
"2012-07-11"	"24"
"2012-07-12"	"38"
"2012-07-13"	"28"
"2012-07-14"	"30"
"2012-07-15"	"36"
"2012-07-16"	"33"
"2012-07-17"	"30"
"2012-07-18"	"40"
"2012-07-19"	"20"
"2012-07-20"	"25"
"2012-07-21"	"29"
"2012-07-22"	"35"
"2012-07-23"	"41"
"2012-07-24"	"33"
"2012-07-25"	"22"
"2012-07-26"	"32"
"2012-07-27"	"27"
"2012-07-28"	"19"
"2012-07-29"	"29"
"2012-07-30"	"29"
"2012-07-31"	"24"
"2012-08-01"	"62"
"2012-08-02"	"31"
"2012-08-03"	"38"
"2012-08-04"	"18"
"2012-08-05"	"38"
"2012-08-06"	"36"
"2012-08-07"	"33"
"2012-08-08"	"39"
"2012-08-09"	"27"
"2012-08-10"	"35"
"2012-08-11"	"18"
"2012-08-12"	"39"
"2012-08-13"	"36"
"2012-08-14"	"30"
"2012-08-15"	"41"
"2012-08-16"	"31"
"2012-08-17"	"43"
"2012-08-18"	"26"
"2012-08-19"	"35"
"2012-08-20"	"36"
"2012-08-21"	"41"
"2012-08-22"	"30"
"2012-08-23"	"28"
"2012-08-24"	"37"
"2012-08-25"	"25"
"2012-08-26"	"29"
"2012-08-27"	"33"
"2012-08-28"	"24"
"2012-08-29"	"30"
"2012-08-30"	"32"
"2012-08-31"	"24"
"2012-09-01"	"41"
"2012-09-02"	"39"
"2012-09-03"	"28"
"2012-09-04"	"33"
"2012-09-05"	"34"
"2012-09-06"	"25"
"2012-09-07"	"35"
"2012-09-08"	"33"
"2012-09-09"	"48"
"2012-09-10"	"34"
"2012-09-11"	"32"
"2012-09-12"	"29"
"2012-09-13"	"37"
"2012-09-14"	"26"
"2012-09-15"	"32"
"2012-09-16"	"41"
"2012-09-17"	"40"
"2012-09-18"	"31"
"2012-09-19"	"24"
"2012-09-20"	"28"
"2012-09-21"	"25"
"2012-09-22"	"27"
"2012-09-23"	"31"
"2012-09-24"	"42"
"2012-09-25"	"18"
"2012-09-26"	"13"
"2012-09-27"	"23"
"2012-09-28"	"24"
"2012-09-29"	"30"
"2012-09-30"	"37"
"2012-10-01"	"56"
"2012-10-02"	"24"
"2012-10-03"	"35"
"2012-10-04"	"21"
"2012-10-05"	"33"
"2012-10-06"	"32"
"2012-10-07"	"29"
"2012-10-08"	"39"
"2012-10-09"	"23"
"2012-10-10"	"29"
"2012-10-11"	"18"
"2012-10-12"	"22"
"2012-10-13"	"25"
"2012-10-14"	"34"
"2012-10-15"	"30"
"2012-10-16"	"28"
"2012-10-17"	"30"
"2012-10-18"	"24"
"2012-10-19"	"20"
"2012-10-20"	"31"
"2012-10-21"	"36"
"2012-10-22"	"28"
"2012-10-23"	"20"
"2012-10-24"	"20"
"2012-10-25"	"22"
"2012-10-26"	"32"
"2012-10-27"	"22"
"2012-10-28"	"30"
"2012-10-29"	"26"
"2012-10-30"	"23"
"2012-10-31"	"22"
"2012-11-01"	"45"
"2012-11-02"	"26"
"2012-11-03"	"36"
"2012-11-04"	"30"
"2012-11-05"	"26"
"2012-11-06"	"14"
"2012-11-07"	"27"
"2012-11-08"	"17"
"2012-11-09"	"22"
"2012-11-10"	"30"
"2012-11-11"	"29"
"2012-11-12"	"27"
"2012-11-13"	"32"
"2012-11-14"	"21"
"2012-11-15"	"25"
"2012-11-16"	"14"
"2012-11-17"	"19"
"2012-11-18"	"16"
"2012-11-19"	"15"
"2012-11-20"	"32"
"2012-11-21"	"24"
"2012-11-22"	"24"
"2012-11-23"	"22"
"2012-11-24"	"22"
"2012-11-25"	"22"
"2012-11-26"	"19"
"2012-11-27"	"20"
"2012-11-28"	"19"
"2012-11-29"	"18"
"2012-11-30"	"14"
"2012-12-01"	"37"
"2012-12-02"	"29"
"2012-12-03"	"24"
"2012-12-04"	"23"
"2012-12-05"	"12"
"2012-12-06"	"17"
"2012-12-07"	"22"
"2012-12-08"	"34"
"2012-12-09"	"26"
"2012-12-10"	"20"
"2012-12-11"	"26"
"2012-12-12"	"13"
"2012-12-13"	"12"
"2012-12-14"	"15"
"2012-12-15"	"23"
"2012-12-16"	"22"
"2012-12-17"	"16"
"2012-12-18"	"20"
"2012-12-19"	"18"
"2012-12-20"	"15"
"2012-12-21"	"10"
"2012-12-22"	"12"
"2012-12-23"	"18"
"2012-12-24"	"12"
"2012-12-25"	"37"
"2012-12-26"	"12"
"2012-12-27"	"14"
"2012-12-28"	"12"
"2012-12-29"	"11"
"2012-12-30"	"18"
"2012-12-31"	"14"
"2013-01-01"	"173"
"2013-01-02"	"50"
"2013-01-03"	"42"
"2013-01-04"	"41"
"2013-01-05"	"39"
"2013-01-06"	"38"
"2013-01-07"	"27"
"2013-01-08"	"62"
"2013-01-09"	"34"
"2013-01-10"	"45"
"2013-01-11"	"26"
"2013-01-12"	"32"
"2013-01-13"	"44"
"2013-01-14"	"34"
"2013-01-15"	"54"
"2013-01-16"	"39"
"2013-01-17"	"33"
"2013-01-18"	"44"
"2013-01-19"	"37"
"2013-01-20"	"42"
"2013-01-21"	"27"
"2013-01-22"	"46"
"2013-01-23"	"45"
"2013-01-24"	"28"
"2013-01-25"	"37"
"2013-01-26"	"40"
"2013-01-27"	"37"
"2013-01-28"	"42"
"2013-01-29"	"29"
"2013-01-30"	"38"
"2013-01-31"	"26"
"2013-02-01"	"101"
"2013-02-02"	"40"
"2013-02-03"	"43"
"2013-02-04"	"51"
"2013-02-05"	"38"
"2013-02-06"	"43"
"2013-02-07"	"32"
"2013-02-08"	"40"
"2013-02-09"	"26"
"2013-02-10"	"31"
"2013-02-11"	"40"
"2013-02-12"	"42"
"2013-02-13"	"37"
"2013-02-14"	"44"
"2013-02-15"	"34"
"2013-02-16"	"32"
"2013-02-17"	"38"
"2013-02-18"	"34"
"2013-02-19"	"32"
"2013-02-20"	"34"
"2013-02-21"	"37"
"2013-02-22"	"36"
"2013-02-23"	"36"
"2013-02-24"	"45"
"2013-02-25"	"46"
"2013-02-26"	"47"
"2013-02-27"	"31"
"2013-02-28"	"46"
"2013-03-01"	"69"
"2013-03-02"	"43"
"2013-03-03"	"44"
"2013-03-04"	"36"
"2013-03-05"	"31"
"2013-03-06"	"33"
"2013-03-07"	"41"
"2013-03-08"	"45"
"2013-03-09"	"33"
"2013-03-10"	"29"
"2013-03-11"	"49"
"2013-03-12"	"37"
"2013-03-13"	"39"
"2013-03-14"	"23"
"2013-03-15"	"35"
"2013-03-16"	"37"
"2013-03-17"	"37"
"2013-03-18"	"43"
"2013-03-19"	"25"
"2013-03-20"	"35"
"2013-03-21"	"30"
"2013-03-22"	"49"
"2013-03-23"	"27"
"2013-03-24"	"24"
"2013-03-25"	"24"
"2013-03-26"	"26"
"2013-03-27"	"25"
"2013-03-28"	"34"
"2013-03-29"	"34"
"2013-03-30"	"28"
"2013-03-31"	"26"
"2013-04-01"	"84"
"2013-04-02"	"29"
"2013-04-03"	"44"
"2013-04-04"	"31"
"2013-04-05"	"22"
"2013-04-06"	"23"
"2013-04-07"	"33"
"2013-04-08"	"37"
"2013-04-09"	"34"
"2013-04-10"	"56"
"2013-04-11"	"33"
"2013-04-12"	"56"
"2013-04-13"	"35"
"2013-04-14"	"49"
"2013-04-15"	"49"
"2013-04-16"	"42"
"2013-04-17"	"49"
"2013-04-18"	"30"
"2013-04-19"	"34"
"2013-04-20"	"31"
"2013-04-21"	"42"
"2013-04-22"	"43"
"2013-04-23"	"30"
"2013-04-24"	"31"
"2013-04-25"	"33"
"2013-04-26"	"31"
"2013-04-27"	"29"
"2013-04-28"	"35"
"2013-04-29"	"27"
"2013-04-30"	"28"
"2013-05-01"	"62"
"2013-05-02"	"51"
"2013-05-03"	"45"
"2013-05-04"	"43"
"2013-05-05"	"44"
"2013-05-06"	"38"
"2013-05-07"	"43"
"2013-05-08"	"39"
"2013-05-09"	"42"
"2013-05-10"	"37"
"2013-05-11"	"42"
"2013-05-12"	"42"
"2013-05-13"	"44"
"2013-05-14"	"24"
"2013-05-15"	"66"
"2013-05-16"	"42"
"2013-05-17"	"27"
"2013-05-18"	"31"
"2013-05-19"	"40"
"2013-05-20"	"39"
"2013-05-21"	"33"
"2013-05-22"	"30"
"2013-05-23"	"33"
"2013-05-24"	"33"
"2013-05-25"	"37"
"2013-05-26"	"33"
"2013-05-27"	"27"
"2013-05-28"	"44"
"2013-05-29"	"25"
"2013-05-30"	"27"
"2013-05-31"	"31"
"2013-06-01"	"50"
"2013-06-02"	"29"
"2013-06-03"	"36"
"2013-06-04"	"37"
"2013-06-05"	"37"
"2013-06-06"	"36"
"2013-06-07"	"40"
"2013-06-08"	"28"
"2013-06-09"	"38"
"2013-06-10"	"24"
"2013-06-11"	"21"
"2013-06-12"	"33"
"2013-06-13"	"23"
"2013-06-14"	"38"
"2013-06-15"	"52"
"2013-06-16"	"37"
"2013-06-17"	"26"
"2013-06-18"	"29"
"2013-06-19"	"26"
"2013-06-20"	"27"
"2013-06-21"	"23"
"2013-06-22"	"29"
"2013-06-23"	"35"
"2013-06-24"	"33"
"2013-06-25"	"33"
"2013-06-26"	"36"
"2013-06-27"	"27"
"2013-06-28"	"19"
"2013-06-29"	"31"
"2013-06-30"	"30"
"2013-07-01"	"59"
"2013-07-02"	"29"
"2013-07-03"	"22"
"2013-07-04"	"25"
"2013-07-05"	"33"
"2013-07-06"	"26"
"2013-07-07"	"38"
"2013-07-08"	"26"
"2013-07-09"	"34"
"2013-07-10"	"42"
"2013-07-11"	"33"
"2013-07-12"	"38"
"2013-07-13"	"31"
"2013-07-14"	"37"
"2013-07-15"	"46"
"2013-07-16"	"29"
"2013-07-17"	"23"
"2013-07-18"	"26"
"2013-07-19"	"23"
"2013-07-20"	"34"
"2013-07-21"	"34"
"2013-07-22"	"28"
"2013-07-23"	"19"
"2013-07-24"	"25"
"2013-07-25"	"27"
"2013-07-26"	"41"
"2013-07-27"	"44"
"2013-07-28"	"46"
"2013-07-29"	"32"
"2013-07-30"	"32"
"2013-07-31"	"25"
"2013-08-01"	"42"
"2013-08-02"	"25"
"2013-08-03"	"34"
"2013-08-04"	"26"
"2013-08-05"	"35"
"2013-08-06"	"24"
"2013-08-07"	"23"
"2013-08-08"	"26"
"2013-08-09"	"33"
"2013-08-10"	"32"
"2013-08-11"	"22"
"2013-08-12"	"41"
"2013-08-13"	"29"
"2013-08-14"	"29"
"2013-08-15"	"37"
"2013-08-16"	"30"
"2013-08-17"	"28"
"2013-08-18"	"37"
"2013-08-19"	"13"
"2013-08-20"	"36"
"2013-08-21"	"24"
"2013-08-22"	"33"
"2013-08-23"	"24"
"2013-08-24"	"36"
"2013-08-25"	"35"
"2013-08-26"	"27"
"2013-08-27"	"28"
"2013-08-28"	"34"
"2013-08-29"	"26"
"2013-08-30"	"32"
"2013-08-31"	"42"
"2013-09-01"	"57"
"2013-09-02"	"44"
"2013-09-03"	"26"
"2013-09-04"	"30"
"2013-09-05"	"27"
"2013-09-06"	"39"
"2013-09-07"	"37"
"2013-09-08"	"36"
"2013-09-09"	"32"
"2013-09-10"	"20"
"2013-09-11"	"24"
"2013-09-12"	"25"
"2013-09-13"	"29"
"2013-09-14"	"20"
"2013-09-15"	"33"
"2013-09-16"	"27"
"2013-09-17"	"19"
"2013-09-18"	"31"
"2013-09-19"	"22"
"2013-09-20"	"34"
"2013-09-21"	"31"
"2013-09-22"	"29"
"2013-09-23"	"36"
"2013-09-24"	"23"
"2013-09-25"	"30"
"2013-09-26"	"25"
"2013-09-27"	"26"
"2013-09-28"	"30"
"2013-09-29"	"25"
"2013-09-30"	"37"
"2013-10-01"	"37"
"2013-10-02"	"51"
"2013-10-03"	"30"
"2013-10-04"	"28"
"2013-10-05"	"28"
"2013-10-06"	"35"
"2013-10-07"	"31"
"2013-10-08"	"26"
"2013-10-09"	"37"
"2013-10-10"	"34"
"2013-10-11"	"15"
"2013-10-12"	"22"
"2013-10-13"	"33"
"2013-10-14"	"27"
"2013-10-15"	"24"
"2013-10-16"	"24"
"2013-10-17"	"25"
"2013-10-18"	"13"
"2013-10-19"	"19"
"2013-10-20"	"28"
"2013-10-21"	"24"
"2013-10-22"	"20"
"2013-10-23"	"24"
"2013-10-24"	"13"
"2013-10-25"	"23"
"2013-10-26"	"27"
"2013-10-27"	"20"
"2013-10-28"	"22"
"2013-10-29"	"17"
"2013-10-30"	"17"
"2013-10-31"	"18"
"2013-11-01"	"32"
"2013-11-02"	"15"
"2013-11-03"	"28"
"2013-11-04"	"17"
"2013-11-05"	"27"
"2013-11-06"	"15"
"2013-11-07"	"14"
"2013-11-08"	"23"
"2013-11-09"	"14"
"2013-11-10"	"28"
"2013-11-11"	"22"
"2013-11-12"	"25"
"2013-11-13"	"20"
"2013-11-14"	"18"
"2013-11-15"	"21"
"2013-11-16"	"21"
"2013-11-17"	"27"
"2013-11-18"	"19"
"2013-11-19"	"23"
"2013-11-20"	"12"
"2013-11-21"	"20"
"2013-11-22"	"23"
"2013-11-23"	"15"
"2013-11-24"	"12"
"2013-11-25"	"12"
"2013-11-26"	"19"
"2013-11-27"	"19"
"2013-11-28"	"22"
"2013-11-29"	"22"
"2013-11-30"	"24"
"2013-12-01"	"29"
"2013-12-02"	"21"
"2013-12-03"	"15"
"2013-12-04"	"14"
"2013-12-05"	"18"
"2013-12-06"	"7"
"2013-12-07"	"14"
"2013-12-08"	"26"
"2013-12-09"	"16"
"2013-12-10"	"12"
"2013-12-11"	"25"
"2013-12-12"	"13"
"2013-12-13"	"15"
"2013-12-14"	"20"
"2013-12-15"	"15"
"2013-12-16"	"23"
"2013-12-17"	"5"
"2013-12-18"	"15"
"2013-12-19"	"10"
"2013-12-20"	"15"
"2013-12-21"	"14"
"2013-12-22"	"17"
"2013-12-23"	"8"
"2013-12-24"	"10"
"2013-12-25"	"15"
"2013-12-26"	"7"
"2013-12-27"	"8"
"2013-12-28"	"9"
"2013-12-29"	"14"
"2013-12-30"	"9"
"2013-12-31"	"7"
"2014-01-01"	"106"
"2014-01-02"	"35"
"2014-01-03"	"39"
"2014-01-04"	"38"
"2014-01-05"	"27"
"2014-01-06"	"29"
"2014-01-07"	"37"
"2014-01-08"	"30"
"2014-01-09"	"47"
"2014-01-10"	"29"
"2014-01-11"	"27"
"2014-01-12"	"31"
"2014-01-13"	"33"
"2014-01-14"	"42"
"2014-01-15"	"33"
"2014-01-16"	"30"
"2014-01-17"	"21"
"2014-01-18"	"22"
"2014-01-19"	"29"
"2014-01-20"	"41"
"2014-01-21"	"20"
"2014-01-22"	"24"
"2014-01-23"	"26"
"2014-01-24"	"35"
"2014-01-25"	"26"
"2014-01-26"	"37"
"2014-01-27"	"33"
"2014-01-28"	"41"
"2014-01-29"	"39"
"2014-01-30"	"48"
"2014-01-31"	"35"
"2014-02-01"	"56"
"2014-02-02"	"42"
"2014-02-03"	"47"
"2014-02-04"	"46"
"2014-02-05"	"53"
"2014-02-06"	"40"
"2014-02-07"	"27"
"2014-02-08"	"31"
"2014-02-09"	"45"
"2014-02-10"	"57"
"2014-02-11"	"48"
"2014-02-12"	"28"
"2014-02-13"	"36"
"2014-02-14"	"29"
"2014-02-15"	"37"
"2014-02-16"	"37"
"2014-02-17"	"40"
"2014-02-18"	"53"
"2014-02-19"	"48"
"2014-02-20"	"26"
"2014-02-21"	"42"
"2014-02-22"	"40"
"2014-02-23"	"45"
"2014-02-24"	"50"
"2014-02-25"	"41"
"2014-02-26"	"33"
"2014-02-27"	"40"
"2014-02-28"	"31"
"2014-03-01"	"59"
"2014-03-02"	"45"
"2014-03-03"	"58"
"2014-03-04"	"43"
"2014-03-05"	"59"
"2014-03-06"	"34"
"2014-03-07"	"47"
"2014-03-08"	"35"
"2014-03-09"	"39"
"2014-03-10"	"57"
"2014-03-11"	"39"
"2014-03-12"	"47"
"2014-03-13"	"53"
"2014-03-14"	"35"
"2014-03-15"	"57"
"2014-03-16"	"46"
"2014-03-17"	"63"
"2014-03-18"	"45"
"2014-03-19"	"45"
"2014-03-20"	"57"
"2014-03-21"	"49"
"2014-03-22"	"39"
"2014-03-23"	"43"
"2014-03-24"	"44"
"2014-03-25"	"31"
"2014-03-26"	"42"
"2014-03-27"	"40"
"2014-03-28"	"39"
"2014-03-29"	"38"
"2014-03-30"	"47"
"2014-03-31"	"55"
"2014-04-01"	"63"
"2014-04-02"	"55"
"2014-04-03"	"60"
"2014-04-04"	"37"
"2014-04-05"	"46"
"2014-04-06"	"50"
"2014-04-07"	"44"
"2014-04-08"	"43"
"2014-04-09"	"44"
"2014-04-10"	"39"
"2014-04-11"	"38"
"2014-04-12"	"43"
"2014-04-13"	"32"
"2014-04-14"	"39"
"2014-04-15"	"41"
"2014-04-16"	"26"
"2014-04-17"	"24"
"2014-04-18"	"23"
"2014-04-19"	"25"
"2014-04-20"	"32"
"2014-04-21"	"47"
"2014-04-22"	"38"
"2014-04-23"	"40"
"2014-04-24"	"35"
"2014-04-25"	"50"
"2014-04-26"	"36"
"2014-04-27"	"43"
"2014-04-28"	"43"
"2014-04-29"	"37"
"2014-04-30"	"38"
"2014-05-01"	"49"
"2014-05-02"	"36"
"2014-05-03"	"31"
"2014-05-04"	"58"
"2014-05-05"	"68"
"2014-05-06"	"46"
"2014-05-07"	"49"
"2014-05-08"	"41"
"2014-05-09"	"41"
"2014-05-10"	"39"
"2014-05-11"	"52"
"2014-05-12"	"39"
"2014-05-13"	"37"
"2014-05-14"	"41"
"2014-05-15"	"48"
"2014-05-16"	"33"
"2014-05-17"	"37"
"2014-05-18"	"46"
"2014-05-19"	"47"
"2014-05-20"	"49"
"2014-05-21"	"48"
"2014-05-22"	"28"
"2014-05-23"	"36"
"2014-05-24"	"34"
"2014-05-25"	"26"
"2014-05-26"	"32"
"2014-05-27"	"29"
"2014-05-28"	"39"
"2014-05-29"	"36"
"2014-05-30"	"46"
"2014-05-31"	"30"
"2014-06-01"	"67"
"2014-06-02"	"38"
"2014-06-03"	"43"
"2014-06-04"	"47"
"2014-06-05"	"43"
"2014-06-06"	"32"
"2014-06-07"	"40"
"2014-06-08"	"19"
"2014-06-09"	"46"
"2014-06-10"	"43"
"2014-06-11"	"20"
"2014-06-12"	"40"
"2014-06-13"	"41"
"2014-06-14"	"28"
"2014-06-15"	"30"
"2014-06-16"	"35"
"2014-06-17"	"27"
"2014-06-18"	"28"
"2014-06-19"	"30"
"2014-06-20"	"26"
"2014-06-21"	"33"
"2014-06-22"	"30"
"2014-06-23"	"19"
"2014-06-24"	"16"
"2014-06-25"	"15"
"2014-06-26"	"27"
"2014-06-27"	"20"
"2014-06-28"	"26"
"2014-06-29"	"24"
"2014-06-30"	"22"
"2014-07-01"	"82"
"2014-07-02"	"20"
"2014-07-03"	"28"
"2014-07-04"	"18"
"2014-07-05"	"33"
"2014-07-06"	"34"
"2014-07-07"	"34"
"2014-07-08"	"22"
"2014-07-09"	"21"
"2014-07-10"	"25"
"2014-07-11"	"29"
"2014-07-12"	"26"
"2014-07-13"	"22"
"2014-07-14"	"28"
"2014-07-15"	"30"
"2014-07-16"	"35"
"2014-07-17"	"24"
"2014-07-18"	"14"
"2014-07-19"	"24"
"2014-07-20"	"28"
"2014-07-21"	"35"
"2014-07-22"	"19"
"2014-07-23"	"32"
"2014-07-24"	"19"
"2014-07-25"	"26"
"2014-07-26"	"23"
"2014-07-27"	"17"
"2014-07-28"	"37"
"2014-07-29"	"21"
"2014-07-30"	"29"
"2014-07-31"	"27"
"2014-08-01"	"64"
"2014-08-02"	"25"
"2014-08-03"	"21"
"2014-08-04"	"35"
"2014-08-05"	"30"
"2014-08-06"	"27"
"2014-08-07"	"15"
"2014-08-08"	"37"
"2014-08-09"	"28"
"2014-08-10"	"18"
"2014-08-11"	"35"
"2014-08-12"	"21"
"2014-08-13"	"33"
"2014-08-14"	"47"
"2014-08-15"	"41"
"2014-08-16"	"32"
"2014-08-17"	"42"
"2014-08-18"	"39"
"2014-08-19"	"36"
"2014-08-20"	"28"
"2014-08-21"	"25"
"2014-08-22"	"23"
"2014-08-23"	"28"
"2014-08-24"	"39"
"2014-08-25"	"41"
"2014-08-26"	"20"
"2014-08-27"	"29"
"2014-08-28"	"31"
"2014-08-29"	"26"
"2014-08-30"	"33"
"2014-08-31"	"28"
"2014-09-01"	"83"
"2014-09-02"	"39"
"2014-09-03"	"31"
"2014-09-04"	"35"
"2014-09-05"	"38"
"2014-09-06"	"43"
"2014-09-07"	"47"
"2014-09-08"	"33"
"2014-09-09"	"40"
"2014-09-10"	"32"
"2014-09-11"	"32"
"2014-09-12"	"36"
"2014-09-13"	"36"
"2014-09-14"	"33"
"2014-09-15"	"34"
"2014-09-16"	"27"
"2014-09-17"	"36"
"2014-09-18"	"32"
"2014-09-19"	"24"
"2014-09-20"	"48"
"2014-09-21"	"39"
"2014-09-22"	"34"
"2014-09-23"	"33"
"2014-09-24"	"37"
"2014-09-25"	"36"
"2014-09-26"	"34"
"2014-09-27"	"27"
"2014-09-28"	"35"
"2014-09-29"	"41"
"2014-09-30"	"28"
"2014-10-01"	"54"
"2014-10-02"	"41"
"2014-10-03"	"33"
"2014-10-04"	"33"
"2014-10-05"	"26"
"2014-10-06"	"29"
"2014-10-07"	"36"
"2014-10-08"	"26"
"2014-10-09"	"24"
"2014-10-10"	"35"
"2014-10-11"	"26"
"2014-10-12"	"21"
"2014-10-13"	"29"
"2014-10-14"	"42"
"2014-10-15"	"32"
"2014-10-16"	"24"
"2014-10-17"	"39"
"2014-10-18"	"21"
"2014-10-19"	"38"
"2014-10-20"	"44"
"2014-10-21"	"23"
"2014-10-22"	"34"
"2014-10-23"	"23"
"2014-10-24"	"26"
"2014-10-25"	"39"
"2014-10-26"	"24"
"2014-10-27"	"38"
"2014-10-28"	"18"
"2014-10-29"	"23"
"2014-10-30"	"30"
"2014-10-31"	"28"
"2014-11-01"	"57"
"2014-11-02"	"17"
"2014-11-03"	"41"
"2014-11-04"	"37"
"2014-11-05"	"35"
"2014-11-06"	"27"
"2014-11-07"	"34"
"2014-11-08"	"24"
"2014-11-09"	"28"
"2014-11-10"	"36"
"2014-11-11"	"40"
"2014-11-12"	"22"
"2014-11-13"	"17"
"2014-11-14"	"31"
"2014-11-15"	"29"
"2014-11-16"	"35"
"2014-11-17"	"23"
"2014-11-18"	"34"
"2014-11-19"	"30"
"2014-11-20"	"27"
"2014-11-21"	"30"
"2014-11-22"	"25"
"2014-11-23"	"26"
"2014-11-24"	"21"
"2014-11-25"	"25"
"2014-11-26"	"31"
"2014-11-27"	"25"
"2014-11-28"	"27"
"2014-11-29"	"25"
"2014-11-30"	"19"
"2014-12-01"	"61"
"2014-12-02"	"23"
"2014-12-03"	"23"
"2014-12-04"	"26"
"2014-12-05"	"17"
"2014-12-06"	"18"
"2014-12-07"	"18"
"2014-12-08"	"33"
"2014-12-09"	"19"
"2014-12-10"	"29"
"2014-12-11"	"19"
"2014-12-12"	"21"
"2014-12-13"	"15"
"2014-12-14"	"24"
"2014-12-15"	"31"
"2014-12-16"	"23"
"2014-12-17"	"19"
"2014-12-18"	"18"
"2014-12-19"	"25"
"2014-12-20"	"25"
"2014-12-21"	"21"
"2014-12-22"	"19"
"2014-12-23"	"19"
"2014-12-24"	"15"
"2014-12-25"	"32"
"2014-12-26"	"18"
"2014-12-27"	"16"
"2014-12-28"	"17"
"2014-12-29"	"24"
"2014-12-30"	"6"
"2014-12-31"	"19"
"2015-01-01"	"170"
"2015-01-02"	"44"
"2015-01-03"	"43"
"2015-01-04"	"46"
"2015-01-05"	"52"
"2015-01-06"	"40"
"2015-01-07"	"32"
"2015-01-08"	"53"
"2015-01-09"	"32"
"2015-01-10"	"40"
"2015-01-11"	"45"
"2015-01-12"	"33"
"2015-01-13"	"40"
"2015-01-14"	"48"
"2015-01-15"	"70"
"2015-01-16"	"45"
"2015-01-17"	"52"
"2015-01-18"	"60"
"2015-01-19"	"54"
"2015-01-20"	"41"
"2015-01-21"	"59"
"2015-01-22"	"61"
"2015-01-23"	"58"
"2015-01-24"	"53"
"2015-01-25"	"50"
"2015-01-26"	"59"
"2015-01-27"	"52"
"2015-01-28"	"47"
"2015-01-29"	"47"
"2015-01-30"	"48"
"2015-01-31"	"40"
"2015-02-01"	"110"
"2015-02-02"	"87"
"2015-02-03"	"60"
"2015-02-04"	"52"
"2015-02-05"	"80"
"2015-02-06"	"62"
"2015-02-07"	"49"
"2015-02-08"	"62"
"2015-02-09"	"64"
"2015-02-10"	"64"
"2015-02-11"	"62"
"2015-02-12"	"58"
"2015-02-13"	"82"
"2015-02-14"	"60"
"2015-02-15"	"96"
"2015-02-16"	"89"
"2015-02-17"	"73"
"2015-02-18"	"75"
"2015-02-19"	"61"
"2015-02-20"	"67"
"2015-02-21"	"46"
"2015-02-22"	"78"
"2015-02-23"	"63"
"2015-02-24"	"63"
"2015-02-25"	"55"
"2015-02-26"	"40"
"2015-02-27"	"61"
"2015-02-28"	"57"
"2015-03-01"	"72"
"2015-03-02"	"68"
"2015-03-03"	"74"
"2015-03-04"	"59"
"2015-03-05"	"78"
"2015-03-06"	"50"
"2015-03-07"	"49"
"2015-03-08"	"81"
"2015-03-09"	"75"
"2015-03-10"	"70"
"2015-03-11"	"53"
"2015-03-12"	"57"
"2015-03-13"	"54"
"2015-03-14"	"60"
"2015-03-15"	"94"
"2015-03-16"	"83"
"2015-03-17"	"69"
"2015-03-18"	"57"
"2015-03-19"	"46"
"2015-03-20"	"66"
"2015-03-21"	"44"
"2015-03-22"	"54"
"2015-03-23"	"46"
"2015-03-24"	"53"
"2015-03-25"	"48"
"2015-03-26"	"39"
"2015-03-27"	"44"
"2015-03-28"	"57"
"2015-03-29"	"64"
"2015-03-30"	"47"
"2015-03-31"	"41"
"2015-04-01"	"104"
"2015-04-02"	"51"
"2015-04-03"	"37"
"2015-04-04"	"51"
"2015-04-05"	"69"
"2015-04-06"	"76"
"2015-04-07"	"63"
"2015-04-08"	"63"
"2015-04-09"	"82"
"2015-04-10"	"74"
"2015-04-11"	"56"
"2015-04-12"	"74"
"2015-04-13"	"76"
"2015-04-14"	"57"
"2015-04-15"	"77"
"2015-04-16"	"51"
"2015-04-17"	"49"
"2015-04-18"	"56"
"2015-04-19"	"61"
"2015-04-20"	"65"
"2015-04-21"	"75"
"2015-04-22"	"62"
"2015-04-23"	"75"
"2015-04-24"	"56"
"2015-04-25"	"64"
"2015-04-26"	"48"
"2015-04-27"	"84"
"2015-04-28"	"54"
"2015-04-29"	"69"
"2015-04-30"	"64"
"2015-05-01"	"79"
"2015-05-02"	"64"
"2015-05-03"	"69"
"2015-05-04"	"63"
"2015-05-05"	"84"
"2015-05-06"	"67"
"2015-05-07"	"54"
"2015-05-08"	"70"
"2015-05-09"	"59"
"2015-05-10"	"72"
"2015-05-11"	"70"
"2015-05-12"	"50"
"2015-05-13"	"50"
"2015-05-14"	"65"
"2015-05-15"	"74"
"2015-05-16"	"58"
"2015-05-17"	"84"
"2015-05-18"	"39"
"2015-05-19"	"58"
"2015-05-20"	"55"
"2015-05-21"	"59"
"2015-05-22"	"59"
"2015-05-23"	"48"
"2015-05-24"	"50"
"2015-05-25"	"45"
"2015-05-26"	"71"
"2015-05-27"	"63"
"2015-05-28"	"70"
"2015-05-29"	"51"
"2015-05-30"	"46"
"2015-05-31"	"61"
"2015-06-01"	"127"
"2015-06-02"	"62"
"2015-06-03"	"60"
"2015-06-04"	"57"
"2015-06-05"	"61"
"2015-06-06"	"46"
"2015-06-07"	"65"
"2015-06-08"	"37"
"2015-06-09"	"59"
"2015-06-10"	"65"
"2015-06-11"	"56"
"2015-06-12"	"63"
"2015-06-13"	"50"
"2015-06-14"	"71"
"2015-06-15"	"63"
"2015-06-16"	"73"
"2015-06-17"	"53"
"2015-06-18"	"51"
"2015-06-19"	"47"
"2015-06-20"	"62"
"2015-06-21"	"64"
"2015-06-22"	"48"
"2015-06-23"	"52"
"2015-06-24"	"54"
"2015-06-25"	"29"
"2015-06-26"	"61"
"2015-06-27"	"38"
"2015-06-28"	"44"
"2015-06-29"	"57"
"2015-06-30"	"54"
"2015-07-01"	"97"
"2015-07-02"	"48"
"2015-07-03"	"52"
"2015-07-04"	"49"
"2015-07-05"	"57"
"2015-07-06"	"62"
"2015-07-07"	"59"
"2015-07-08"	"65"
"2015-07-09"	"53"
"2015-07-10"	"58"
"2015-07-11"	"59"
"2015-07-12"	"53"
"2015-07-13"	"66"
"2015-07-14"	"78"
"2015-07-15"	"69"
"2015-07-16"	"51"
"2015-07-17"	"54"
"2015-07-18"	"49"
"2015-07-19"	"83"
"2015-07-20"	"46"
"2015-07-21"	"81"
"2015-07-22"	"56"
"2015-07-23"	"67"
"2015-07-24"	"79"
"2015-07-25"	"71"
"2015-07-26"	"75"
"2015-07-27"	"71"
"2015-07-28"	"67"
"2015-07-29"	"48"
"2015-07-30"	"61"
"2015-07-31"	"55"
"2015-08-01"	"107"
"2015-08-02"	"59"
"2015-08-03"	"83"
"2015-08-04"	"71"
"2015-08-05"	"71"
"2015-08-06"	"55"
"2015-08-07"	"44"
"2015-08-08"	"67"
"2015-08-09"	"76"
"2015-08-10"	"87"
"2015-08-11"	"84"
"2015-08-12"	"64"
"2015-08-13"	"68"
"2015-08-14"	"73"
"2015-08-15"	"74"
"2015-08-16"	"72"
"2015-08-17"	"65"
"2015-08-18"	"74"
"2015-08-19"	"77"
"2015-08-20"	"73"
"2015-08-21"	"86"
"2015-08-22"	"72"
"2015-08-23"	"83"
"2015-08-24"	"76"
"2015-08-25"	"81"
"2015-08-26"	"66"
"2015-08-27"	"47"
"2015-08-28"	"63"
"2015-08-29"	"48"
"2015-08-30"	"58"
"2015-08-31"	"59"
"2015-09-01"	"112"
"2015-09-02"	"77"
"2015-09-03"	"67"
"2015-09-04"	"68"
"2015-09-05"	"62"
"2015-09-06"	"78"
"2015-09-07"	"65"
"2015-09-08"	"68"
"2015-09-09"	"67"
"2015-09-10"	"70"
"2015-09-11"	"55"
"2015-09-12"	"53"
"2015-09-13"	"63"
"2015-09-14"	"78"
"2015-09-15"	"50"
"2015-09-16"	"56"
"2015-09-17"	"57"
"2015-09-18"	"54"
"2015-09-19"	"46"
"2015-09-20"	"60"
"2015-09-21"	"66"
"2015-09-22"	"53"
"2015-09-23"	"61"
"2015-09-24"	"49"
"2015-09-25"	"62"
"2015-09-26"	"42"
"2015-09-27"	"58"
"2015-09-28"	"51"
"2015-09-29"	"46"
"2015-09-30"	"59"
"2015-10-01"	"124"
"2015-10-02"	"65"
"2015-10-03"	"61"
"2015-10-04"	"60"
"2015-10-05"	"58"
"2015-10-06"	"59"
"2015-10-07"	"44"
"2015-10-08"	"46"
"2015-10-09"	"54"
"2015-10-10"	"81"
"2015-10-11"	"61"
"2015-10-12"	"48"
"2015-10-13"	"79"
"2015-10-14"	"79"
"2015-10-15"	"69"
"2015-10-16"	"63"
"2015-10-17"	"59"
"2015-10-18"	"51"
"2015-10-19"	"84"
"2015-10-20"	"54"
"2015-10-21"	"63"
"2015-10-22"	"44"
"2015-10-23"	"76"
"2015-10-24"	"52"
"2015-10-25"	"62"
"2015-10-26"	"62"
"2015-10-27"	"69"
"2015-10-28"	"59"
"2015-10-29"	"48"
"2015-10-30"	"56"
"2015-10-31"	"56"
"2015-11-01"	"89"
"2015-11-02"	"52"
"2015-11-03"	"55"
"2015-11-04"	"55"
"2015-11-05"	"46"
"2015-11-06"	"62"
"2015-11-07"	"52"
"2015-11-08"	"39"
"2015-11-09"	"49"
"2015-11-10"	"40"
"2015-11-11"	"58"
"2015-11-12"	"69"
"2015-11-13"	"54"
"2015-11-14"	"34"
"2015-11-15"	"52"
"2015-11-16"	"34"
"2015-11-17"	"55"
"2015-11-18"	"46"
"2015-11-19"	"48"
"2015-11-20"	"49"
"2015-11-21"	"46"
"2015-11-22"	"50"
"2015-11-23"	"49"
"2015-11-24"	"48"
"2015-11-25"	"54"
"2015-11-26"	"52"
"2015-11-27"	"33"
"2015-11-28"	"36"
"2015-11-29"	"54"
"2015-11-30"	"46"
"2015-12-01"	"85"
"2015-12-02"	"48"
"2015-12-03"	"43"
"2015-12-04"	"41"
"2015-12-05"	"31"
"2015-12-06"	"42"
"2015-12-07"	"53"
"2015-12-08"	"48"
"2015-12-09"	"36"
"2015-12-10"	"41"
"2015-12-11"	"44"
"2015-12-12"	"35"
"2015-12-13"	"58"
"2015-12-14"	"43"
"2015-12-15"	"42"
"2015-12-16"	"48"
"2015-12-17"	"27"
"2015-12-18"	"26"
"2015-12-19"	"40"
"2015-12-20"	"40"
"2015-12-21"	"51"
"2015-12-22"	"25"
"2015-12-23"	"27"
"2015-12-24"	"56"
"2015-12-25"	"68"
"2015-12-26"	"34"
"2015-12-27"	"26"
"2015-12-28"	"41"
"2015-12-29"	"31"
"2015-12-30"	"27"
"2015-12-31"	"32"
"2016-01-01"	"281"
"2016-01-02"	"60"
"2016-01-03"	"41"
"2016-01-04"	"65"
"2016-01-05"	"53"
"2016-01-06"	"58"
"2016-01-07"	"48"
"2016-01-08"	"60"
"2016-01-09"	"49"
"2016-01-10"	"64"
"2016-01-11"	"55"
"2016-01-12"	"64"
"2016-01-13"	"63"
"2016-01-14"	"65"
"2016-01-15"	"72"
"2016-01-16"	"54"
"2016-01-17"	"62"
"2016-01-18"	"71"
"2016-01-19"	"67"
"2016-01-20"	"67"
"2016-01-21"	"36"
"2016-01-22"	"44"
"2016-01-23"	"54"
"2016-01-24"	"52"
"2016-01-25"	"69"
"2016-01-26"	"42"
"2016-01-27"	"56"
"2016-01-28"	"55"
"2016-01-29"	"68"
"2016-01-30"	"52"
"2016-01-31"	"61"
"2016-02-01"	"144"
"2016-02-02"	"78"
"2016-02-03"	"56"
"2016-02-04"	"64"
"2016-02-05"	"65"
"2016-02-06"	"65"
"2016-02-07"	"75"
"2016-02-08"	"71"
"2016-02-09"	"69"
"2016-02-10"	"84"
"2016-02-11"	"62"
"2016-02-12"	"51"
"2016-02-13"	"60"
"2016-02-14"	"56"
"2016-02-15"	"67"
"2016-02-16"	"60"
"2016-02-17"	"59"
"2016-02-18"	"58"
"2016-02-19"	"59"
"2016-02-20"	"76"
"2016-02-21"	"48"
"2016-02-22"	"93"
"2016-02-23"	"71"
"2016-02-24"	"55"
"2016-02-25"	"74"
"2016-02-26"	"63"
"2016-02-27"	"60"
"2016-02-28"	"75"
"2016-02-29"	"66"
"2016-03-01"	"155"
"2016-03-02"	"76"
"2016-03-03"	"84"
"2016-03-04"	"72"
"2016-03-05"	"66"
"2016-03-06"	"82"
"2016-03-07"	"61"
"2016-03-08"	"48"
"2016-03-09"	"62"
"2016-03-10"	"72"
"2016-03-11"	"64"
"2016-03-12"	"64"
"2016-03-13"	"65"
"2016-03-14"	"82"
"2016-03-15"	"74"
"2016-03-16"	"72"
"2016-03-17"	"63"
"2016-03-18"	"72"
"2016-03-19"	"53"
"2016-03-20"	"66"
"2016-03-21"	"48"
"2016-03-22"	"46"
"2016-03-23"	"57"
"2016-03-24"	"39"
"2016-03-25"	"39"
"2016-03-26"	"37"
"2016-03-27"	"58"
"2016-03-28"	"60"
"2016-03-29"	"56"
"2016-03-30"	"58"
"2016-03-31"	"56"
"2016-04-01"	"138"
"2016-04-02"	"54"
"2016-04-03"	"68"
"2016-04-04"	"91"
"2016-04-05"	"70"
"2016-04-06"	"57"
"2016-04-07"	"60"
"2016-04-08"	"52"
"2016-04-09"	"43"
"2016-04-10"	"69"
"2016-04-11"	"47"
"2016-04-12"	"62"
"2016-04-13"	"55"
"2016-04-14"	"60"
"2016-04-15"	"85"
"2016-04-16"	"59"
"2016-04-17"	"64"
"2016-04-18"	"72"
"2016-04-19"	"66"
"2016-04-20"	"92"
"2016-04-21"	"40"
"2016-04-22"	"71"
"2016-04-23"	"53"
"2016-04-24"	"52"
"2016-04-25"	"67"
"2016-04-26"	"67"
"2016-04-27"	"52"
"2016-04-28"	"63"
"2016-04-29"	"44"
"2016-04-30"	"57"
"2016-05-01"	"135"
"2016-05-02"	"78"
"2016-05-03"	"57"
"2016-05-04"	"46"
"2016-05-05"	"65"
"2016-05-06"	"64"
"2016-05-07"	"54"
"2016-05-08"	"72"
"2016-05-09"	"51"
"2016-05-10"	"81"
"2016-05-11"	"64"
"2016-05-12"	"71"
"2016-05-13"	"63"
"2016-05-14"	"41"
"2016-05-15"	"96"
"2016-05-16"	"92"
"2016-05-17"	"63"
"2016-05-18"	"80"
"2016-05-19"	"75"
"2016-05-20"	"82"
"2016-05-21"	"68"
"2016-05-22"	"52"
"2016-05-23"	"66"
"2016-05-24"	"70"
"2016-05-25"	"57"
"2016-05-26"	"64"
"2016-05-27"	"59"
"2016-05-28"	"43"
"2016-05-29"	"45"
"2016-05-30"	"41"
"2016-05-31"	"58"
"2016-06-01"	"191"
"2016-06-02"	"67"
"2016-06-03"	"58"
"2016-06-04"	"43"
"2016-06-05"	"51"
"2016-06-06"	"48"
"2016-06-07"	"64"
"2016-06-08"	"83"
"2016-06-09"	"59"
"2016-06-10"	"93"
"2016-06-11"	"51"
"2016-06-12"	"71"
"2016-06-13"	"64"
"2016-06-14"	"64"
"2016-06-15"	"100"
"2016-06-16"	"67"
"2016-06-17"	"58"
"2016-06-18"	"52"
"2016-06-19"	"41"
"2016-06-20"	"71"
"2016-06-21"	"56"
"2016-06-22"	"67"
"2016-06-23"	"55"
"2016-06-24"	"68"
"2016-06-25"	"44"
"2016-06-26"	"50"
"2016-06-27"	"58"
"2016-06-28"	"38"
"2016-06-29"	"38"
"2016-06-30"	"56"
"2016-07-01"	"134"
"2016-07-02"	"57"
"2016-07-03"	"56"
"2016-07-04"	"53"
"2016-07-05"	"75"
"2016-07-06"	"57"
"2016-07-07"	"79"
"2016-07-08"	"70"
"2016-07-09"	"53"
"2016-07-10"	"67"
"2016-07-11"	"54"
"2016-07-12"	"73"
"2016-07-13"	"77"
"2016-07-14"	"75"
"2016-07-15"	"60"
"2016-07-16"	"57"
"2016-07-17"	"68"
"2016-07-18"	"72"
"2016-07-19"	"61"
"2016-07-20"	"56"
"2016-07-21"	"56"
"2016-07-22"	"59"
"2016-07-23"	"37"
"2016-07-24"	"64"
"2016-07-25"	"77"
"2016-07-26"	"50"
"2016-07-27"	"49"
"2016-07-28"	"54"
"2016-07-29"	"59"
"2016-07-30"	"46"
"2016-07-31"	"46"
"2016-08-01"	"182"
"2016-08-02"	"70"
"2016-08-03"	"56"
"2016-08-04"	"55"
"2016-08-05"	"73"
"2016-08-06"	"57"
"2016-08-07"	"58"
"2016-08-08"	"62"
"2016-08-09"	"72"
"2016-08-10"	"66"
"2016-08-11"	"66"
"2016-08-12"	"73"
"2016-08-13"	"62"
"2016-08-14"	"62"
"2016-08-15"	"73"
"2016-08-16"	"72"
"2016-08-17"	"77"
"2016-08-18"	"54"
"2016-08-19"	"52"
"2016-08-20"	"50"
"2016-08-21"	"55"
"2016-08-22"	"51"
"2016-08-23"	"53"
"2016-08-24"	"67"
"2016-08-25"	"53"
"2016-08-26"	"68"
"2016-08-27"	"58"
"2016-08-28"	"58"
"2016-08-29"	"55"
"2016-08-30"	"53"
"2016-08-31"	"55"
"2016-09-01"	"124"
"2016-09-02"	"68"
"2016-09-03"	"55"
"2016-09-04"	"57"
"2016-09-05"	"77"
"2016-09-06"	"56"
"2016-09-07"	"54"
"2016-09-08"	"86"
"2016-09-09"	"84"
"2016-09-10"	"62"
"2016-09-11"	"53"
"2016-09-12"	"79"
"2016-09-13"	"65"
"2016-09-14"	"76"
"2016-09-15"	"71"
"2016-09-16"	"77"
"2016-09-17"	"67"
"2016-09-18"	"71"
"2016-09-19"	"89"
"2016-09-20"	"76"
"2016-09-21"	"48"
"2016-09-22"	"49"
"2016-09-23"	"46"
"2016-09-24"	"51"
"2016-09-25"	"54"
"2016-09-26"	"68"
"2016-09-27"	"51"
"2016-09-28"	"48"
"2016-09-29"	"52"
"2016-09-30"	"70"
"2016-10-01"	"126"
"2016-10-02"	"61"
"2016-10-03"	"64"
"2016-10-04"	"64"
"2016-10-05"	"66"
"2016-10-06"	"57"
"2016-10-07"	"66"
"2016-10-08"	"67"
"2016-10-09"	"59"
"2016-10-10"	"81"
"2016-10-11"	"49"
"2016-10-12"	"63"
"2016-10-13"	"46"
"2016-10-14"	"60"
"2016-10-15"	"61"
"2016-10-16"	"74"
"2016-10-17"	"47"
"2016-10-18"	"69"
"2016-10-19"	"48"
"2016-10-20"	"91"
"2016-10-21"	"53"
"2016-10-22"	"49"
"2016-10-23"	"65"
"2016-10-24"	"60"
"2016-10-25"	"53"
"2016-10-26"	"46"
"2016-10-27"	"53"
"2016-10-28"	"65"
"2016-10-29"	"49"
"2016-10-30"	"48"
"2016-10-31"	"58"
"2016-11-01"	"166"
"2016-11-02"	"62"
"2016-11-03"	"57"
"2016-11-04"	"71"
"2016-11-05"	"57"
"2016-11-06"	"48"
"2016-11-07"	"42"
"2016-11-08"	"56"
"2016-11-09"	"64"
"2016-11-10"	"63"
"2016-11-11"	"80"
"2016-11-12"	"50"
"2016-11-13"	"57"
"2016-11-14"	"41"
"2016-11-15"	"102"
"2016-11-16"	"74"
"2016-11-17"	"44"
"2016-11-18"	"65"
"2016-11-19"	"53"
"2016-11-20"	"62"
"2016-11-21"	"60"
"2016-11-22"	"63"
"2016-11-23"	"42"
"2016-11-24"	"52"
"2016-11-25"	"54"
"2016-11-26"	"43"
"2016-11-27"	"48"
"2016-11-28"	"79"
"2016-11-29"	"44"
"2016-11-30"	"72"
"2016-12-01"	"144"
"2016-12-02"	"58"
"2016-12-03"	"48"
"2016-12-04"	"61"
"2016-12-05"	"53"
"2016-12-06"	"50"
"2016-12-07"	"65"
"2016-12-08"	"52"
"2016-12-09"	"43"
"2016-12-10"	"45"
"2016-12-11"	"46"
"2016-12-12"	"52"
"2016-12-13"	"65"
"2016-12-14"	"47"
"2016-12-15"	"91"
"2016-12-16"	"68"
"2016-12-17"	"51"
"2016-12-18"	"64"
"2016-12-19"	"55"
"2016-12-20"	"66"
"2016-12-21"	"40"
"2016-12-22"	"46"
"2016-12-23"	"43"
"2016-12-24"	"76"
"2016-12-25"	"91"
"2016-12-26"	"52"
"2016-12-27"	"48"
"2016-12-28"	"57"
"2016-12-29"	"41"
"2016-12-30"	"44"
"2016-12-31"	"50"
"2017-01-01"	"340"
"2017-01-02"	"80"
"2017-01-03"	"59"
"2017-01-04"	"67"
"2017-01-05"	"64"
"2017-01-06"	"56"
"2017-01-07"	"60"
"2017-01-08"	"44"
"2017-01-09"	"55"
"2017-01-10"	"98"
"2017-01-11"	"67"
"2017-01-12"	"77"
"2017-01-13"	"55"
"2017-01-14"	"54"
"2017-01-15"	"90"
"2017-01-16"	"58"
"2017-01-17"	"68"
"2017-01-18"	"88"
"2017-01-19"	"52"
"2017-01-20"	"62"
"2017-01-21"	"58"
"2017-01-22"	"67"
"2017-01-23"	"73"
"2017-01-24"	"56"
"2017-01-25"	"63"
"2017-01-26"	"42"
"2017-01-27"	"60"
"2017-01-28"	"69"
"2017-01-29"	"53"
"2017-01-30"	"75"
"2017-01-31"	"57"
"2017-02-01"	"178"
"2017-02-02"	"74"
"2017-02-03"	"70"
"2017-02-04"	"59"
"2017-02-05"	"57"
"2017-02-06"	"86"
"2017-02-07"	"75"
"2017-02-08"	"81"
"2017-02-09"	"66"
"2017-02-10"	"85"
"2017-02-11"	"62"
"2017-02-12"	"71"
"2017-02-13"	"66"
"2017-02-14"	"67"
"2017-02-15"	"93"
"2017-02-16"	"90"
"2017-02-17"	"80"
"2017-02-18"	"72"
"2017-02-19"	"59"
"2017-02-20"	"93"
"2017-02-21"	"64"
"2017-02-22"	"85"
"2017-02-23"	"86"
"2017-02-24"	"59"
"2017-02-25"	"57"
"2017-02-26"	"64"
"2017-02-27"	"63"
"2017-02-28"	"73"
"2017-03-01"	"161"
"2017-03-02"	"76"
"2017-03-03"	"83"
"2017-03-04"	"54"
"2017-03-05"	"72"
"2017-03-06"	"66"
"2017-03-07"	"54"
"2017-03-08"	"86"
"2017-03-09"	"81"
"2017-03-10"	"94"
"2017-03-11"	"60"
"2017-03-12"	"66"
"2017-03-13"	"67"
"2017-03-14"	"69"
"2017-03-15"	"88"
"2017-03-16"	"76"
"2017-03-17"	"82"
"2017-03-18"	"69"
"2017-03-19"	"64"
"2017-03-20"	"56"
"2017-03-21"	"65"
"2017-03-22"	"61"
"2017-03-23"	"74"
"2017-03-24"	"60"
"2017-03-25"	"63"
"2017-03-26"	"56"
"2017-03-27"	"72"
"2017-03-28"	"81"
"2017-03-29"	"73"
"2017-03-30"	"52"
"2017-03-31"	"78"
"2017-04-01"	"132"
"2017-04-02"	"82"
"2017-04-03"	"85"
"2017-04-04"	"75"
"2017-04-05"	"93"
"2017-04-06"	"72"
"2017-04-07"	"69"
"2017-04-08"	"46"
"2017-04-09"	"74"
"2017-04-10"	"66"
"2017-04-11"	"57"
"2017-04-12"	"73"
"2017-04-13"	"49"
"2017-04-14"	"45"
"2017-04-15"	"74"
"2017-04-16"	"49"
"2017-04-17"	"87"
"2017-04-18"	"91"
"2017-04-19"	"55"
"2017-04-20"	"63"
"2017-04-21"	"57"
"2017-04-22"	"62"
"2017-04-23"	"68"
"2017-04-24"	"82"
"2017-04-25"	"61"
"2017-04-26"	"66"
"2017-04-27"	"68"
"2017-04-28"	"102"
"2017-04-29"	"59"
"2017-04-30"	"76"
"2017-05-01"	"153"
"2017-05-02"	"86"
"2017-05-03"	"67"
"2017-05-04"	"84"
"2017-05-05"	"98"
"2017-05-06"	"81"
"2017-05-07"	"69"
"2017-05-08"	"95"
"2017-05-09"	"80"
"2017-05-10"	"99"
"2017-05-11"	"76"
"2017-05-12"	"78"
"2017-05-13"	"71"
"2017-05-14"	"74"
"2017-05-15"	"94"
"2017-05-16"	"82"
"2017-05-17"	"91"
"2017-05-18"	"85"
"2017-05-19"	"80"
"2017-05-20"	"82"
"2017-05-21"	"71"
"2017-05-22"	"94"
"2017-05-23"	"82"
"2017-05-24"	"49"
"2017-05-25"	"80"
"2017-05-26"	"69"
"2017-05-27"	"58"
"2017-05-28"	"62"
"2017-05-29"	"41"
"2017-05-30"	"86"
"2017-05-31"	"81"
"2017-06-01"	"174"
"2017-06-02"	"86"
"2017-06-03"	"64"
"2017-06-04"	"78"
"2017-06-05"	"80"
"2017-06-06"	"73"
"2017-06-07"	"56"
"2017-06-08"	"60"
"2017-06-09"	"86"
"2017-06-10"	"63"
"2017-06-11"	"68"
"2017-06-12"	"79"
"2017-06-13"	"79"
"2017-06-14"	"81"
"2017-06-15"	"107"
"2017-06-16"	"75"
"2017-06-17"	"62"
"2017-06-18"	"68"
"2017-06-19"	"66"
"2017-06-20"	"95"
"2017-06-21"	"61"
"2017-06-22"	"61"
"2017-06-23"	"72"
"2017-06-24"	"69"
"2017-06-25"	"73"
"2017-06-26"	"51"
"2017-06-27"	"72"
"2017-06-28"	"67"
"2017-06-29"	"62"
"2017-06-30"	"72"
"2017-07-01"	"120"
"2017-07-02"	"78"
"2017-07-03"	"76"
"2017-07-04"	"68"
"2017-07-05"	"80"
"2017-07-06"	"61"
"2017-07-07"	"100"
"2017-07-08"	"61"
"2017-07-09"	"56"
"2017-07-10"	"88"
"2017-07-11"	"74"
"2017-07-12"	"82"
"2017-07-13"	"69"
"2017-07-14"	"80"
"2017-07-15"	"89"
"2017-07-16"	"75"
"2017-07-17"	"81"
"2017-07-18"	"63"
"2017-07-19"	"81"
"2017-07-20"	"72"
"2017-07-21"	"67"
"2017-07-22"	"66"
"2017-07-23"	"55"
"2017-07-24"	"70"
"2017-07-25"	"87"
"2017-07-26"	"75"
"2017-07-27"	"76"
"2017-07-28"	"71"
"2017-07-29"	"61"
"2017-07-30"	"75"
"2017-07-31"	"81"
"2017-08-01"	"156"
"2017-08-02"	"75"
"2017-08-03"	"67"
"2017-08-04"	"81"
"2017-08-05"	"63"
"2017-08-06"	"58"
"2017-08-07"	"56"
"2017-08-08"	"99"
"2017-08-09"	"68"
"2017-08-10"	"91"
"2017-08-11"	"80"
"2017-08-12"	"65"
"2017-08-13"	"60"
"2017-08-14"	"87"
"2017-08-15"	"115"
"2017-08-16"	"74"
"2017-08-17"	"83"
"2017-08-18"	"105"
"2017-08-19"	"56"
"2017-08-20"	"71"
"2017-08-21"	"63"
"2017-08-22"	"92"
"2017-08-23"	"100"
"2017-08-24"	"91"
"2017-08-25"	"86"
"2017-08-26"	"56"
"2017-08-27"	"60"
"2017-08-28"	"78"
"2017-08-29"	"80"
"2017-08-30"	"89"
"2017-08-31"	"81"
"2017-09-01"	"157"
"2017-09-02"	"58"
"2017-09-03"	"76"
"2017-09-04"	"88"
"2017-09-05"	"114"
"2017-09-06"	"86"
"2017-09-07"	"76"
"2017-09-08"	"91"
"2017-09-09"	"55"
"2017-09-10"	"63"
"2017-09-11"	"63"
"2017-09-12"	"77"
"2017-09-13"	"77"
"2017-09-14"	"95"
"2017-09-15"	"130"
"2017-09-16"	"82"
"2017-09-17"	"92"
"2017-09-18"	"99"
"2017-09-19"	"97"
"2017-09-20"	"104"
"2017-09-21"	"89"
"2017-09-22"	"83"
"2017-09-23"	"51"
"2017-09-24"	"74"
"2017-09-25"	"80"
"2017-09-26"	"71"
"2017-09-27"	"68"
"2017-09-28"	"76"
"2017-09-29"	"75"
"2017-09-30"	"62"
"2017-10-01"	"153"
"2017-10-02"	"109"
"2017-10-03"	"78"
"2017-10-04"	"70"
"2017-10-05"	"66"
"2017-10-06"	"62"
"2017-10-07"	"77"
"2017-10-08"	"69"
"2017-10-09"	"91"
"2017-10-10"	"111"
"2017-10-11"	"57"
"2017-10-12"	"66"
"2017-10-13"	"82"
"2017-10-14"	"65"
"2017-10-15"	"95"
"2017-10-16"	"60"
"2017-10-17"	"91"
"2017-10-18"	"80"
"2017-10-19"	"72"
"2017-10-20"	"107"
"2017-10-21"	"61"
"2017-10-22"	"76"
"2017-10-23"	"69"
"2017-10-24"	"62"
"2017-10-25"	"61"
"2017-10-26"	"54"
"2017-10-27"	"66"
"2017-10-28"	"51"
"2017-10-29"	"36"
"2017-10-30"	"41"
"2017-10-31"	"59"
"2017-11-01"	"128"
"2017-11-02"	"75"
"2017-11-03"	"78"
"2017-11-04"	"66"
"2017-11-05"	"82"
"2017-11-06"	"61"
"2017-11-07"	"87"
"2017-11-08"	"74"
"2017-11-09"	"82"
"2017-11-10"	"90"
"2017-11-11"	"65"
"2017-11-12"	"67"
"2017-11-13"	"68"
"2017-11-14"	"91"
"2017-11-15"	"111"
"2017-11-16"	"87"
"2017-11-17"	"101"
"2017-11-18"	"67"
"2017-11-19"	"54"
"2017-11-20"	"94"
"2017-11-21"	"70"
"2017-11-22"	"71"
"2017-11-23"	"82"
"2017-11-24"	"80"
"2017-11-25"	"63"
"2017-11-26"	"73"
"2017-11-27"	"87"
"2017-11-28"	"76"
"2017-11-29"	"66"
"2017-11-30"	"57"
"2017-12-01"	"124"
"2017-12-02"	"68"
"2017-12-03"	"71"
"2017-12-04"	"64"
"2017-12-05"	"79"
"2017-12-06"	"70"
"2017-12-07"	"53"
"2017-12-08"	"64"
"2017-12-09"	"68"
"2017-12-10"	"63"
"2017-12-11"	"68"
"2017-12-12"	"57"
"2017-12-13"	"56"
"2017-12-14"	"74"
"2017-12-15"	"75"
"2017-12-16"	"54"
"2017-12-17"	"68"
"2017-12-18"	"50"
"2017-12-19"	"38"
"2017-12-20"	"60"
"2017-12-21"	"43"
"2017-12-22"	"53"
"2017-12-23"	"34"
"2017-12-24"	"57"
"2017-12-25"	"56"
"2017-12-26"	"44"
"2017-12-27"	"40"
"2017-12-28"	"41"
"2017-12-29"	"42"
"2017-12-30"	"26"
"2017-12-31"	"55"
"2018-01-01"	"240"
"2018-01-02"	"61"
"2018-01-03"	"64"
"2018-01-04"	"57"
"2018-01-05"	"69"
"2018-01-06"	"73"
"2018-01-07"	"58"
"2018-01-08"	"50"
"2018-01-09"	"66"
"2018-01-10"	"83"
"2018-01-11"	"76"
"2018-01-12"	"67"
"2018-01-13"	"75"
"2018-01-14"	"61"
"2018-01-15"	"111"
"2018-01-16"	"71"
"2018-01-17"	"91"
"2018-01-18"	"71"
"2018-01-19"	"66"
"2018-01-20"	"83"
"2018-01-21"	"51"
"2018-01-22"	"79"
"2018-01-23"	"67"
"2018-01-24"	"83"
"2018-01-25"	"81"
"2018-01-26"	"71"
"2018-01-27"	"59"
"2018-01-28"	"58"
"2018-01-29"	"72"
"2018-01-30"	"75"
"2018-01-31"	"59"
"2018-02-01"	"111"
"2018-02-02"	"72"
"2018-02-03"	"46"
"2018-02-04"	"49"
"2018-02-05"	"61"
"2018-02-06"	"70"
"2018-02-07"	"50"
"2018-02-08"	"41"
"2018-02-09"	"67"
"2018-02-10"	"49"
"2018-02-11"	"37"
"2018-02-12"	"54"
"2018-02-13"	"47"
"2018-02-14"	"61"
"2018-02-15"	"67"
"2018-02-16"	"60"
"2018-02-17"	"37"
"2018-02-18"	"50"
"2018-02-19"	"59"
"2018-02-20"	"85"
"2018-02-21"	"66"
"2018-02-22"	"83"
"2018-02-23"	"96"
"2018-02-24"	"69"
"2018-02-25"	"70"
"2018-02-26"	"81"
"2018-02-27"	"73"
"2018-02-28"	"75"
"2018-03-01"	"126"
"2018-03-02"	"75"
"2018-03-03"	"62"
"2018-03-04"	"62"
"2018-03-05"	"81"
"2018-03-06"	"68"
"2018-03-07"	"65"
"2018-03-08"	"83"
"2018-03-09"	"76"
"2018-03-10"	"76"
"2018-03-11"	"75"
"2018-03-12"	"93"
"2018-03-13"	"99"
"2018-03-14"	"104"
"2018-03-15"	"100"
"2018-03-16"	"80"
"2018-03-17"	"55"
"2018-03-18"	"74"
"2018-03-19"	"63"
"2018-03-20"	"106"
"2018-03-21"	"74"
"2018-03-22"	"99"
"2018-03-23"	"81"
"2018-03-24"	"60"
"2018-03-25"	"58"
"2018-03-26"	"64"
"2018-03-27"	"78"
"2018-03-28"	"65"
"2018-03-29"	"47"
"2018-03-30"	"40"
"2018-03-31"	"37"
"2018-04-01"	"109"
"2018-04-02"	"88"
"2018-04-03"	"81"
"2018-04-04"	"87"
"2018-04-05"	"80"
"2018-04-06"	"81"
"2018-04-07"	"74"
"2018-04-08"	"71"
"2018-04-09"	"86"
"2018-04-10"	"84"
"2018-04-11"	"83"
"2018-04-12"	"75"
"2018-04-13"	"69"
"2018-04-14"	"57"
"2018-04-15"	"93"
"2018-04-16"	"111"
"2018-04-17"	"92"
"2018-04-18"	"101"
"2018-04-19"	"80"
"2018-04-20"	"107"
"2018-04-21"	"74"
"2018-04-22"	"71"
"2018-04-23"	"64"
"2018-04-24"	"95"
"2018-04-25"	"70"
"2018-04-26"	"69"
"2018-04-27"	"85"
"2018-04-28"	"79"
"2018-04-29"	"64"
"2018-04-30"	"84"
"2018-05-01"	"129"
"2018-05-02"	"87"
"2018-05-03"	"82"
"2018-05-04"	"78"
"2018-05-05"	"85"
"2018-05-06"	"62"
"2018-05-07"	"82"
"2018-05-08"	"79"
"2018-05-09"	"84"
"2018-05-10"	"78"
"2018-05-11"	"77"
"2018-05-12"	"80"
"2018-05-13"	"76"
"2018-05-14"	"63"
"2018-05-15"	"113"
"2018-05-16"	"95"
"2018-05-17"	"88"
"2018-05-18"	"74"
"2018-05-19"	"56"
"2018-05-20"	"73"
"2018-05-21"	"63"
"2018-05-22"	"86"
"2018-05-23"	"99"
"2018-05-24"	"75"
"2018-05-25"	"78"
"2018-05-26"	"62"
"2018-05-27"	"63"
"2018-05-28"	"100"
"2018-05-29"	"96"
"2018-05-30"	"85"
"2018-05-31"	"84"
"2018-06-01"	"141"
"2018-06-02"	"69"
"2018-06-03"	"85"
"2018-06-04"	"59"
"2018-06-05"	"79"
"2018-06-06"	"94"
"2018-06-07"	"73"
"2018-06-08"	"89"
"2018-06-09"	"83"
"2018-06-10"	"71"
"2018-06-11"	"79"
"2018-06-12"	"82"
"2018-06-13"	"86"
"2018-06-14"	"76"
"2018-06-15"	"96"
"2018-06-16"	"46"
"2018-06-17"	"59"
"2018-06-18"	"95"
"2018-06-19"	"59"
"2018-06-20"	"75"
"2018-06-21"	"79"
"2018-06-22"	"75"
"2018-06-23"	"53"
"2018-06-24"	"72"
"2018-06-25"	"91"
"2018-06-26"	"63"
"2018-06-27"	"80"
"2018-06-28"	"64"
"2018-06-29"	"74"
"2018-06-30"	"60"
"2018-07-01"	"111"
"2018-07-02"	"50"
"2018-07-03"	"83"
"2018-07-04"	"77"
"2018-07-05"	"68"
"2018-07-06"	"54"
"2018-07-07"	"72"
"2018-07-08"	"72"
"2018-07-09"	"82"
"2018-07-10"	"74"
"2018-07-11"	"72"
"2018-07-12"	"80"
"2018-07-13"	"92"
"2018-07-14"	"60"
"2018-07-15"	"78"
"2018-07-16"	"97"
"2018-07-17"	"107"
"2018-07-18"	"111"
"2018-07-19"	"98"
"2018-07-20"	"73"
"2018-07-21"	"67"
"2018-07-22"	"62"
"2018-07-23"	"80"
"2018-07-24"	"92"
"2018-07-25"	"84"
"2018-07-26"	"102"
"2018-07-27"	"80"
"2018-07-28"	"72"
"2018-07-29"	"76"
"2018-07-30"	"82"
"2018-07-31"	"63"
"2018-08-01"	"130"
"2018-08-02"	"83"
"2018-08-03"	"76"
"2018-08-04"	"65"
"2018-08-05"	"87"
"2018-08-06"	"77"
"2018-08-07"	"59"
"2018-08-08"	"81"
"2018-08-09"	"92"
"2018-08-10"	"103"
"2018-08-11"	"63"
"2018-08-12"	"77"
"2018-08-13"	"103"
"2018-08-14"	"95"
"2018-08-15"	"114"
"2018-08-16"	"80"
"2018-08-17"	"95"
"2018-08-18"	"81"
"2018-08-19"	"78"
"2018-08-20"	"67"
"2018-08-21"	"77"
"2018-08-22"	"79"
"2018-08-23"	"68"
"2018-08-24"	"72"
"2018-08-25"	"49"
"2018-08-26"	"63"
"2018-08-27"	"77"
"2018-08-28"	"66"
"2018-08-29"	"78"
"2018-08-30"	"99"
"2018-08-31"	"77"
"2018-09-01"	"69"
"2018-09-02"	"70"
"2018-09-03"	"67"
"2018-09-04"	"93"
"2018-09-05"	"89"
"2018-09-06"	"76"
"2018-09-07"	"80"
"2018-09-08"	"63"
"2018-09-09"	"63"
"2018-09-10"	"88"
"2018-09-11"	"73"
"2018-09-12"	"84"
"2018-09-13"	"74"
"2018-09-14"	"87"
"2018-09-15"	"48"
"2018-09-16"	"75"
"2018-09-17"	"75"
"2018-09-18"	"66"
"2018-09-19"	"60"
"2018-09-20"	"54"
"2018-09-21"	"52"
"2018-09-22"	"47"
"2018-09-23"	"60"
"2018-09-24"	"75"
"2018-09-25"	"49"
"2018-09-26"	"48"
"2018-09-27"	"42"
"2018-09-28"	"33"
"2018-09-29"	"28"
"2018-09-30"	"56"